"stage","edad","cutoff_age","n_teachers","se_raw","se_harshness","raw_repetition_rate","relative_harshness","raw_repetition_rate_pp","relative_harshness_pp","raw_low","raw_high","harshness_low","harshness_high"
"Primary teachers",25,34,9,0.0791381725964767,0.076999050435608,0.467372134038801,0.00962115123302049,46.7372134038801,0.962115123302049,31.2261315749706,62.2482952327895,-14.1296987620771,16.0539290086812
"Primary teachers",26,34,17,0.0648701981777442,0.0688752903482448,0.505602240896359,-0.00235422600786056,50.5602240896359,-0.235422600786056,37.845665246798,63.2747829324737,-13.734979509042,13.2641343074699
"Primary teachers",27,34,10,0.0645513826449267,0.092846454285332,0.4625,-0.0730421537202101,46.25,-7.30421537202101,33.5979290015944,58.9020709984056,-25.5021204119461,10.8936896679041
"Primary teachers",28,34,11,0.0670200482282903,0.050551864872099,0.461940836940837,-0.0322044256421031,46.1940836940837,-3.22044256421031,33.0581542413388,59.3300131468286,-13.1286080791417,6.68772295072108
"Primary teachers",29,34,16,0.0587211297556042,0.0584070041321604,0.497767857142857,-0.00504462161301662,49.7767857142857,-0.504462161301662,38.2674442821873,61.2861271463841,-11.9522349712051,10.9433106486018
"Primary teachers",30,34,17,0.0340333512796031,0.0376222667428288,0.533146591970121,0.0644388257035722,53.3146591970121,6.44388257035722,46.6441223462099,59.9851960478143,-0.930081711237221,13.8178468519517
"Primary teachers",31,34,13,0.0553136168464391,0.0359421450191945,0.558760683760684,0.0590846529917503,55.8760683760684,5.90846529917503,45.0345994741663,66.7175372779704,-1.13619512458708,12.9531257229372
"Primary teachers",32,34,35,0.0348792965246554,0.0372420970842728,0.486179138321995,0.0112326797731297,48.6179138321995,1.12326797731297,41.7815717133671,55.454255951032,-6.1761830512045,8.42271900583043
"Primary teachers",33,34,16,0.0384373796565825,0.0360433691822881,0.55047123015873,0.0783430652321015,55.047123015873,7.83430652321015,47.5133966031828,62.5808494285632,0.76980616348168,14.8988068829386
"Primary teachers",34,34,30,0.0374844287169172,0.0439345800208687,0.445767195767196,-0.0303213213984038,44.5767195767196,-3.03213213984038,37.2297715482038,51.9236676052353,-11.6433098239306,5.57904554424989
"Primary teachers",35,34,19,0.0473225641247751,0.0389459309549631,0.459482038429407,-0.0179553234287796,45.9482038429407,-1.79553234287796,36.6729812744848,55.2234264113966,-9.42893481005073,5.83787012429481
"Primary teachers",36,34,34,0.0376594438697377,0.0319205670080032,0.514449112978525,0.0201792371815054,51.4449112978525,2.01792371815054,44.0636602993839,58.8261622963211,-4.23850741541809,8.27435485171918
"Primary teachers",37,34,34,0.0320530457001479,0.0377153485203529,0.441526610644258,-0.0398299902262758,44.1526610644258,-3.98299902262758,37.8702641071968,50.4350580216548,-11.3752073326167,3.40920928736158
"Primary teachers",38,34,29,0.039649260340845,0.0335390388564453,0.45012315270936,-0.0361780135105404,45.012315270936,-3.61780135105404,37.2410602441303,52.7835702977416,-10.1914529669173,2.95585026480925
"Primary teachers",39,34,48,0.0265711753586746,0.0244266974697,0.480224867724868,0.00944102174992334,48.0224867724868,0.944102174992334,42.8145364021865,53.230437142787,-3.84353052906886,5.73173487905353
"Primary teachers",40,34,41,0.027539561513545,0.0270062235913872,0.517469996128533,0.0397515174400254,51.7469996128533,3.97515174400254,46.3492455561985,57.1447536695081,-1.31806807990935,9.26837156791443
"Primary teachers",41,34,45,0.0310207441057315,0.0288721432910503,0.468077601410935,0.00226614226847858,46.8077601410935,0.226614226847858,40.7276942963701,52.8878259858169,-5.43232585819801,5.88555431189372
"Primary teachers",42,34,57,0.0295210825259033,0.0264416175134976,0.520885547201337,0.0139018225205576,52.0885547201337,1.39018225205576,46.3024225450566,57.8746868952107,-3.79237478058977,6.57273928470129
"Primary teachers",43,34,51,0.0333913543587427,0.0369659003764398,0.468759726112667,-0.0195446968748744,46.8759726112667,-1.95446968748744,40.3312671569532,53.4206780655803,-9.19978616126964,5.29084678629475
"Primary teachers",44,34,54,0.0281238759020711,0.0308490129610873,0.447383891828336,-0.040400314098585,44.7383891828336,-4.0400314098585,39.2261095060277,50.2506688596396,-10.0864379502316,2.00637513051461
"Primary teachers",45,34,96,0.0209047465907409,0.0191112542061153,0.497135416666667,0.00746970343077516,49.7135416666667,0.746970343077516,45.6162113348815,53.8108719984519,-2.99883548132107,4.49277616747611
"Primary teachers",46,34,78,0.0245811902435133,0.0247273680202716,0.445807895807896,-0.0408132518158127,44.5807895807896,-4.08132518158127,39.762876293061,49.3987028685182,-8.92788931355452,0.765238950391969
"Primary teachers",47,34,79,0.0262583807935753,0.0259806318594305,0.434558971267832,-0.0711874570841731,43.4558971267832,-7.11874570841731,38.3092544912424,48.6025397623239,-12.2109495528657,-2.02654186396894
"Primary teachers",48,34,68,0.0235434499113658,0.0196301504629482,0.471346872082166,-0.00886107577808251,47.1346872082166,-0.886107577808251,42.5201710255889,51.7492033908443,-4.73361706854609,2.96140191292959
"Primary teachers",49,34,75,0.0303212506449608,0.0242198075888441,0.450185185185185,-0.0594749730785572,45.0185185185185,-5.94749730785572,39.0755533921062,50.9614836449308,-10.6945795952692,-1.20041502044229
"Primary teachers",50,34,69,0.0293652251263816,0.0276071224789054,0.463446054750403,-0.0312980637796929,46.3446054750403,-3.12980637796929,40.5890213502695,52.100189599811,-8.54080238383476,2.28118962789618
"Primary teachers",51,34,57,0.0272558585837278,0.0251020315202125,0.456328320802005,-0.0111057939311316,45.6328320802005,-1.11057939311316,40.2906837977899,50.9749803626111,-6.03057757107481,3.80941878484848
"Primary teachers",52,34,38,0.0353984256458139,0.0309508487972632,0.52172096908939,0.0228462892222239,52.172096908939,2.28462892222239,45.2340054823595,59.1101883355185,-3.7817374420412,8.35099528648598
"Primary teachers",53,34,20,0.0389286882575911,0.0354633370955031,0.486607142857143,0.00263286427042669,48.6607142857143,0.263286427042669,41.0306913872264,56.2907371842021,-6.68752764367594,7.21410049776128
"Primary teachers",54,34,28,0.0383637903619742,0.0397099916177065,0.460246598639456,-0.0391216765693811,46.0246598639456,-3.91216765693811,38.5053569529986,53.5439627748925,-11.6953260140086,3.87099070013236
"Primary teachers",55,34,34,0.0458162978408942,0.0403474932335413,0.496673669467787,-0.0312552063546326,49.6673669467787,-3.12552063546326,40.6873725699635,58.647361323594,-11.0336293092374,4.78258803831083
"Primary teachers",56,34,18,0.0620140119932991,0.0550287179396668,0.496141975308642,-0.0137877542528771,49.6141975308642,-1.37877542528771,37.4594511801776,61.7689438815508,-12.1644041414624,9.40685329088699
"Primary teachers",57,34,27,0.0493165417161331,0.0414598760007966,0.437169312169312,-0.0319376548044459,43.7169312169312,-3.19376548044459,34.0508890405691,53.3829733932933,-11.3199011766007,4.93237021571154
"Primary teachers",58,34,27,0.0385892095719531,0.037588134019409,0.451058201058201,-0.0148699765812234,45.1058201058201,-1.48699765812234,37.5423350297173,52.6693051819229,-8.85427192592649,5.88027660968182
"Primary teachers",59,34,19,0.0651570682763119,0.0589792144911579,0.407477025898079,-0.092606236280534,40.7477025898079,-9.2606236280534,27.9769172076507,53.518487971965,-20.8205496683203,2.29930241221356
"Primary teachers",60,34,28,0.05154028960126,0.0427891235399,0.455428004535147,-0.0521259354641284,45.5428004535147,-5.21259354641284,35.4409036916678,55.6446972153617,-13.5992617602333,3.17407466740757
"Primary teachers",61,34,8,0.106843902439663,0.0733501376074398,0.333333333333333,-0.15122656180039,33.3333333333333,-15.122656180039,12.3919284551595,54.2747382115072,-29.4992831510972,-0.746029208980756
"Primary teachers",62,34,7,0.0832527916889634,0.0839709568374102,0.21797052154195,-0.22183662706088,21.797052154195,-22.183662706088,5.47950498315817,38.1145993252318,-38.6419702462203,-5.72535516595557
"Primary teachers",64,34,6,0.123793907010379,0.114470467208761,0.407407407407407,-0.0685681673997872,40.7407407407407,-6.85681673997872,16.4771349667064,65.004346514775,-29.293028312896,15.5793948329385
"Secondary teachers",25,39,6,0.0498196335270911,0.0386842967396331,0.555555555555556,0.110629826428502,55.5555555555556,11.0629826428502,45.7909073842457,65.3202037268654,3.48086048188215,18.6451048038183
"Secondary teachers",26,39,11,0.0488132031645471,0.0415030279800996,0.52020202020202,0.0523561870101415,52.020202020202,5.23561870101415,42.4528141999508,61.5875898404532,-2.89897478308536,13.3702121851137
"Secondary teachers",27,39,15,0.0320425416563441,0.0254602007024436,0.581481481481481,0.0997993228754849,58.1481481481482,9.97993228754849,51.8678099835047,64.4284863127916,4.98973294986954,14.9701316252274
"Secondary teachers",28,39,28,0.0355239705702454,0.0259177963069172,0.552862811791383,0.0786565438390224,55.2862811791383,7.86565438390224,48.3235829473702,62.2489794109064,2.78576630774647,12.945542460058
"Secondary teachers",29,39,20,0.0564575516796208,0.063495945585446,0.542956349206349,0.0290672910281632,54.2956349206349,2.90672910281632,43.2299547914292,65.3613150498406,-9.53847623193109,15.3519344375637
"Secondary teachers",30,39,22,0.0443428330887569,0.0393141373235081,0.502525252525252,0.0137891306328396,50.2525252525252,1.37891306328396,41.5613299671289,58.9437205379216,-6.32665785212364,9.08448397869155
"Secondary teachers",31,39,28,0.0263377427741294,0.0207683520806317,0.555484693877551,0.0563101353662852,55.5484693877551,5.63101353662852,50.3862718040257,60.7106669714845,1.5604165288247,9.70161054443234
"Secondary teachers",32,39,35,0.030514525211876,0.0177751527495185,0.610770975056689,0.0875747987633037,61.0770975056689,8.75747987633037,55.0962505641412,67.0579444471966,5.27354993742474,12.241409815236
"Secondary teachers",33,39,21,0.0434369588541451,0.0344859429124152,0.590891912320484,0.0988487729805683,59.0891912320484,9.88487729805683,50.5755472966359,67.6028351674608,3.12563248722345,16.6441221088902
"Secondary teachers",34,39,23,0.0456491059084571,0.0477519674371229,0.583850931677019,0.0510351089315864,58.3850931677019,5.10351089315864,49.4378684096443,67.3323179257595,-4.25587472451744,14.4628965108347
"Secondary teachers",35,39,22,0.0353656503179331,0.0237102607846218,0.525974025974026,0.0454755870442583,52.5974025974026,4.54755870442583,45.6657351350877,59.5290700597175,-0.0996524093600362,9.19476981821169
"Secondary teachers",36,39,26,0.040801336603048,0.0405665023758117,0.462606837606838,-0.00295110778599073,46.2606837606838,-0.295110778599073,38.2636217864864,54.2577457348812,-8.24614524425817,7.65592368706002
"Secondary teachers",37,39,38,0.0286135704859275,0.0233555171971006,0.538429406850459,0.0578578772587927,53.8429406850459,5.78578772587927,48.2346808698042,59.4512005002877,1.20810635524756,10.363469096511
"Secondary teachers",38,39,20,0.0362662361058312,0.036691371303196,0.50109126984127,0.0203551086876761,50.109126984127,2.03551086876761,43.0009447073841,57.2173092608699,-5.15599790665881,9.22701964419403
"Secondary teachers",39,39,24,0.0407808362825244,0.0304426300706228,0.559193121693122,0.0637951406946121,55.9193121693122,6.37951406946121,47.9262682579374,63.9123560806869,0.412758575619139,12.3462695633033
"Secondary teachers",40,39,33,0.0348315765381987,0.0278256807427651,0.558501683501683,0.0524396594647569,55.8501683501684,5.24396594647569,49.0231793486814,62.6771573516553,-0.20986747910627,10.6977993720576
"Secondary teachers",41,39,40,0.0374042101862416,0.0350460573705396,0.543402777777778,0.0234786461909445,54.3402777777778,2.34786461909445,47.0090525812744,61.6715029742811,-4.5211626255313,9.21689186372021
"Secondary teachers",42,39,45,0.0322750829922585,0.0309532235587737,0.518783068783069,0.00608326881691359,51.8783068783069,0.608326881691359,45.5523906118242,58.2042231447895,-5.45850493582828,6.675158699211
"Secondary teachers",43,39,43,0.0224349013882969,0.0203800929963399,0.509717607973422,0.0374018631142881,50.9717607973422,3.7401863114288,46.574520125236,55.3690014694484,-0.254311915853818,7.73468453871143
"Secondary teachers",44,39,45,0.0328504792619099,0.0357641690691029,0.41794532627866,-0.0641294964550244,41.794532627866,-6.41294964550244,35.3558386925316,48.2332265632003,-13.4227267830466,0.596827492041727
"Secondary teachers",45,39,65,0.0240063846150992,0.0225606763399884,0.516575091575092,0.0432585473039555,51.6575091575092,4.32585473039555,46.9522577729497,56.3627605420686,-0.0960378322421844,8.74774729303328
"Secondary teachers",46,39,58,0.0259411057260437,0.023011499530979,0.478516694033935,-0.00454177554199953,47.8516694033935,-0.454177554199953,42.767212681089,52.9361261256981,-4.96443146227183,4.05607635387192
"Secondary teachers",47,39,59,0.0236370346292316,0.0249619861191611,0.447000269034167,-0.0273446562877041,44.7000269034167,-2.73446562877041,40.0671681160873,49.3328856907461,-7.62701490812598,2.15808365058516
"Secondary teachers",48,39,53,0.0330510246464596,0.0348712588700418,0.49269991015274,-0.0142055627099179,49.269991015274,-1.42055627099179,42.791990184568,55.7479918459801,-8.25532300951998,5.4142104675364
"Secondary teachers",49,39,59,0.026917788017256,0.0253624777121171,0.484638149044929,0.00325541357868343,48.4638149044929,0.325541357868343,43.1879284531107,53.739701355875,-4.6455042737066,5.29658698944329
"Secondary teachers",50,39,59,0.0286982528102588,0.0296120928261759,0.438290287866559,-0.0386978836360631,43.8290287866559,-3.86978836360631,38.2041712358452,49.4538863374666,-9.67375855753679,1.93418183032417
"Secondary teachers",51,39,47,0.0317763657230221,0.0284054465499146,0.468887200270179,0.00338277412203696,46.8887200270179,0.338277412203696,40.6605523453056,53.1168877087302,-5.22919011157957,5.90574493598697
"Secondary teachers",52,39,55,0.0324764846713122,0.0271777429097317,0.481565656565657,-0.0186258031908363,48.1565656565657,-1.86258031908363,41.7911746609885,54.5219566521428,-7.18941792939105,3.46425729122378
"Secondary teachers",53,39,40,0.0353095771988413,0.0331251679718728,0.495188492063492,0.0103987419887895,49.5188492063492,1.03987419887895,42.5981720753763,56.4395263373221,-5.45265872360812,7.53240712136603
"Secondary teachers",54,39,35,0.0318186028592345,0.0396432787381238,0.483333333333333,-0.00795359673864819,48.3333333333333,-0.795359673864819,42.0968871729234,54.5697794937433,-8.56544230653708,6.97472295880744
"Secondary teachers",55,39,49,0.0333840119909913,0.0324801735178095,0.485665694849368,-0.00393351205187265,48.5665694849368,-0.393351205187265,42.0233031347025,55.1098358351711,-6.75946521467793,5.9727628043034
"Secondary teachers",56,39,46,0.0404349186435514,0.048254506983947,0.472782953761215,-0.0381498143046989,47.2782953761215,-3.81498143046989,39.3530513219854,55.2035394302575,-13.2728647993235,5.64290193838371
"Secondary teachers",57,39,42,0.0335736720147493,0.0379738446742031,0.428996598639456,-0.0500135763004461,42.8996598639456,-5.00135763004461,36.3192201490547,49.4800995788364,-12.4442311861884,2.4415159260992
"Secondary teachers",58,39,33,0.0485459319322481,0.041865282064496,0.490740740740741,-0.013696627845462,49.0740740740741,-1.3696627845462,39.5590714153534,58.5890767327947,-9.57525806918741,6.83593250009501
"Secondary teachers",59,39,28,0.0415146052298853,0.0371794302636365,0.435515873015873,-0.0327092502131864,43.5515873015873,-3.27092502131864,35.4147246765298,51.6884499266448,-10.5580933529914,4.01624331035412
"Secondary teachers",60,39,15,0.0647012015796357,0.0515817239808343,0.569047619047619,0.0709848292729007,56.9047619047619,7.09848292729007,44.2233263951533,69.5861974143705,-3.01153497295344,17.2085008275336
"Secondary teachers",61,39,11,0.107738111847227,0.0634830946626295,0.521825396825397,-0.0575010079558081,52.1825396825397,-5.75010079558081,31.0658697604833,73.2992096045961,-18.1927873494562,6.69258575829456
"Secondary teachers",62,39,8,0.0943451859362598,0.0849065816999386,0.458333333333333,-0.0186002253162309,45.8333333333333,-1.86002253162309,27.3416768898264,64.3249897768403,-18.501712544811,14.7816674815649
