attribute,model,term,contrast,estimate,std.error,statistic,p.value,conf.low,conf.high,df,n_obs
Male student,Base within-teacher,boy_within,boy_within,0.0026299041240519304,0.004505799474895552,0.5836709198233668,0.5594904169276773,-0.006205255332836255,0.011465063580940116,2704,22124
Male student,With resource skepticism: average beliefs,boy_within,boy_within,0.0017263372115517114,0.004611432395047298,0.37436029928700815,0.7081691968166288,-0.007316443797111737,0.01076911822021516,2411,20816
Male student,Low resource skepticism (-1 SD),boy_within,boy_within at -1 SD resource skepticism,0.002271020298910389,0.006631908651826634,0.342438416772354,0.7320508308944136,-0.010733810406693741,0.015275851004514517,2411,NA
Male student,High resource skepticism (+1 SD),boy_within,boy_within at +1 SD resource skepticism,0.0011816541241930335,0.006476783664289174,0.1824445875362922,0.8552491756602114,-0.01151898448422683,0.013882292732612897,2411,NA
Male student,High minus low resource skepticism,resource_skepticism_x_boy_within,boy_within high-minus-low resource skepticism,-0.0010893661747173556,0.009316686270557008,-0.11692635590403182,0.9069281511168337,-0.01935890727469141,0.017180174925256697,2411,NA
Complex/migrant background,Base within-teacher,complex_background_within,complex_background_within,-0.018810954017666116,0.004400044560787729,-4.275173525583213,1.9760383860195455e-5,-0.027438744830055584,-0.010183163205276648,2704,22124
Complex/migrant background,With resource skepticism: average beliefs,complex_background_within,complex_background_within,-0.01859096050646022,0.004477676107975523,-4.151921679494967,3.4115185271211554e-5,-0.027371452337075428,-0.009810468675845013,2411,20816
Complex/migrant background,Low resource skepticism (-1 SD),complex_background_within,complex_background_within at -1 SD resource skepticism,-0.01751105177055336,0.0063257317216226855,-2.768225486183186,0.005679328700727024,-0.029915485312639982,-0.005106618228466739,2411,NA
Complex/migrant background,High resource skepticism (+1 SD),complex_background_within,complex_background_within at +1 SD resource skepticism,-0.019670869242367082,0.0065140747890625,-3.0197487562463334,0.0025563822173172786,-0.03244463382250326,-0.0068971046622309014,2411,NA
Complex/migrant background,High minus low resource skepticism,resource_skepticism_x_complex_background_within,complex_background_within high-minus-low resource skepticism,-0.0021598174718137223,0.009203139194380741,-0.23468269100313782,0.8144749512030165,-0.020206698613650088,0.015887063670022645,2411,NA
Failed subjects,Base within-teacher,failed_subjects_within,failed_subjects_within,0.5462413609109693,0.007091000936622801,77.03304029898003,0,0.5323370306510307,0.560145691170908,2704,22124
Failed subjects,With resource skepticism: average beliefs,failed_subjects_within,failed_subjects_within,0.5485528486560989,0.007233070885175372,75.83955105159995,0,0.5343691698267122,0.5627365274854855,2411,20816
Failed subjects,Low resource skepticism (-1 SD),failed_subjects_within,failed_subjects_within at -1 SD resource skepticism,0.5208431118162903,0.010284205680921902,50.64495285061244,0,0.5006763150699021,0.5410099085626785,2411,NA
Failed subjects,High resource skepticism (+1 SD),failed_subjects_within,failed_subjects_within at +1 SD resource skepticism,0.5762625854959075,0.0103567033403078,55.641507394840666,0,0.5559536245798413,0.5965715464119736,2411,NA
Failed subjects,High minus low resource skepticism,resource_skepticism_x_failed_subjects_within,failed_subjects_within high-minus-low resource skepticism,0.055419473679617255,0.014723556751458242,3.764000412069484,1.7120924439499794e-4,0.026547338523725098,0.08429160883550942,2411,NA
Low competence,Base within-teacher,low_competence_within,low_competence_within,0.270741724925903,0.0063266297415976785,42.79398921447424,5.2599369669754525e-306,0.2583362055717594,0.28314724428004656,2704,22124
Low competence,With resource skepticism: average beliefs,low_competence_within,low_competence_within,0.2732169964183953,0.006495803952433376,42.06053606590855,1.981025636926225e-290,0.26047906000624,0.2859549328305506,2411,20816
Low competence,Low resource skepticism (-1 SD),low_competence_within,low_competence_within at -1 SD resource skepticism,0.2990463304999357,0.009167211143100134,32.62129843327742,1.1551155747132817e-193,0.28106990241302154,0.3170227585868498,2411,NA
Low competence,High resource skepticism (+1 SD),low_competence_within,low_competence_within at +1 SD resource skepticism,0.24738766233685494,0.008764958261874707,28.22462525725046,1.1127749502229647e-151,0.23020003139655673,0.2645752932771531,2411,NA
Low competence,High minus low resource skepticism,resource_skepticism_x_low_competence_within,low_competence_within high-minus-low resource skepticism,-0.051658668163080713,0.01236699765486246,-4.177138995637275,3.056989922842139e-5,-0.07590971251270272,-0.02740762381345871,2411,NA
Absenteeism,Base within-teacher,absent_within,absent_within,0.06365921248027276,0.004302100829844797,14.797238604602706,1.0654492320736374e-47,0.05522347381878453,0.07209495114176098,2704,22124
Absenteeism,With resource skepticism: average beliefs,absent_within,absent_within,0.06532099804835921,0.004406391795774122,14.824146620598796,1.2013221219264394e-47,0.056680291076193365,0.07396170502052506,2411,20816
Absenteeism,Low resource skepticism (-1 SD),absent_within,absent_within at -1 SD resource skepticism,0.06912626668823271,0.006289127803687359,10.991391627898468,1.8634987760768926e-27,0.05679361154070821,0.08145892183575722,2411,NA
Absenteeism,High resource skepticism (+1 SD),absent_within,absent_within at +1 SD resource skepticism,0.06151572940848571,0.006387719474306187,9.630311671626334,1.4477974882540119e-21,0.04898974108152614,0.07404171773544527,2411,NA
Absenteeism,High minus low resource skepticism,resource_skepticism_x_absent_within,absent_within high-minus-low resource skepticism,-0.007610537279747001,0.009113013913937902,-0.8351284604215365,0.403728129304763,-0.02548068739647623,0.010259612836982228,2411,NA
Disruptive behavior,Base within-teacher,disruptive_within,disruptive_within,0.045593685372631886,0.00477317740408835,9.55206176363353,2.744071130069491e-21,0.036234240125212445,0.054953130620051326,2704,22124
Disruptive behavior,With resource skepticism: average beliefs,disruptive_within,disruptive_within,0.045650245784896716,0.004925444357530829,9.268249211890723,4.06579330399466e-20,0.03599170351864899,0.05530878805114444,2411,20816
Disruptive behavior,Low resource skepticism (-1 SD),disruptive_within,disruptive_within at -1 SD resource skepticism,0.04736262040232094,0.007114095744826733,6.6575742161977995,3.4352720061462146e-11,0.033412245684863374,0.06131299511977851,2411,NA
Disruptive behavior,High resource skepticism (+1 SD),disruptive_within,disruptive_within at +1 SD resource skepticism,0.04393787116747249,0.00714321733333066,6.150991789435816,8.987320559923695e-10,0.029930390517431318,0.05794535181751366,2411,NA
Disruptive behavior,High minus low resource skepticism,resource_skepticism_x_disruptive_within,disruptive_within high-minus-low resource skepticism,-0.003424749234848454,0.01030688196298889,-0.3322779136451187,0.7397083004194634,-0.023636013000430736,0.016786514530733827,2411,NA
