"stage","grade","period","year_start","promotion_rate","repetition_rate"
"Lower secondary education","ESO 1","2007-08",2007,83.5,16.5
"Lower secondary education","ESO 1","2008-09",2008,84,16
"Lower secondary education","ESO 1","2009-10",2009,84.7,15.3
"Lower secondary education","ESO 1","2010-11",2010,84.7,15.3
"Lower secondary education","ESO 1","2011-12",2011,85.9,14.1
"Lower secondary education","ESO 1","2012-13",2012,86.4,13.6
"Lower secondary education","ESO 1","2013-14",2013,86.8,13.2
"Lower secondary education","ESO 1","2014-15",2014,87.8,12.2
"Lower secondary education","ESO 1","2015-16",2015,88.7,11.3
"Lower secondary education","ESO 1","2016-17",2016,89,11
"Lower secondary education","ESO 1","2017-18",2017,89.7,10.3
"Lower secondary education","ESO 1","2018-19",2018,89.7,10.3
"Lower secondary education","ESO 1","2019-20",2019,94.2,5.8
"Lower secondary education","ESO 1","2020-21",2020,91.6,8.40000000000001
"Lower secondary education","ESO 1","2021-22",2021,91.9,8.09999999999999
"Lower secondary education","ESO 1","2022-23",2022,91.9,8.09999999999999
"Lower secondary education","ESO 1","2023-24",2023,91.9,8.09999999999999
"Lower secondary education","ESO 2","2007-08",2007,81.3,18.7
"Lower secondary education","ESO 2","2008-09",2008,81.5,18.5
"Lower secondary education","ESO 2","2009-10",2009,82.8,17.2
"Lower secondary education","ESO 2","2010-11",2010,82.6,17.4
"Lower secondary education","ESO 2","2011-12",2011,83.2,16.8
"Lower secondary education","ESO 2","2012-13",2012,84,16
"Lower secondary education","ESO 2","2013-14",2013,84.7,15.3
"Lower secondary education","ESO 2","2014-15",2014,85,15
"Lower secondary education","ESO 2","2015-16",2015,85.7,14.3
"Lower secondary education","ESO 2","2016-17",2016,86.2,13.8
"Lower secondary education","ESO 2","2017-18",2017,87.5,12.5
"Lower secondary education","ESO 2","2018-19",2018,86.7,13.3
"Lower secondary education","ESO 2","2019-20",2019,92.5,7.5
"Lower secondary education","ESO 2","2020-21",2020,87.5,12.5
"Lower secondary education","ESO 2","2021-22",2021,91,9
"Lower secondary education","ESO 2","2022-23",2022,90.9,9.09999999999999
"Lower secondary education","ESO 2","2023-24",2023,90.6,9.40000000000001
"Lower secondary education","ESO 3","2007-08",2007,82.1,17.9
"Lower secondary education","ESO 3","2008-09",2008,82.3,17.7
"Lower secondary education","ESO 3","2009-10",2009,83.1,16.9
"Lower secondary education","ESO 3","2010-11",2010,83.5,16.5
"Lower secondary education","ESO 3","2011-12",2011,84.1,15.9
"Lower secondary education","ESO 3","2012-13",2012,85.1,14.9
"Lower secondary education","ESO 3","2013-14",2013,85.8,14.2
"Lower secondary education","ESO 3","2014-15",2014,86.9,13.1
"Lower secondary education","ESO 3","2015-16",2015,85.5,14.5
"Lower secondary education","ESO 3","2016-17",2016,85.3,14.7
"Lower secondary education","ESO 3","2017-18",2017,87,13
"Lower secondary education","ESO 3","2018-19",2018,86.6,13.4
"Lower secondary education","ESO 3","2019-20",2019,93.4,6.59999999999999
"Lower secondary education","ESO 3","2020-21",2020,87.6,12.4
"Lower secondary education","ESO 3","2021-22",2021,89.6,10.4
"Lower secondary education","ESO 3","2022-23",2022,91,9
"Lower secondary education","ESO 3","2023-24",2023,91.2,8.8
"Lower secondary education","ESO 4","2007-08",2007,81,19
"Lower secondary education","ESO 4","2008-09",2008,81.7,18.3
"Lower secondary education","ESO 4","2009-10",2009,82.4,17.6
"Lower secondary education","ESO 4","2010-11",2010,82.4,17.6
"Lower secondary education","ESO 4","2011-12",2011,82.9,17.1
"Lower secondary education","ESO 4","2012-13",2012,83.7,16.3
"Lower secondary education","ESO 4","2013-14",2013,84.3,15.7
"Lower secondary education","ESO 4","2014-15",2014,85.4,14.6
"Lower secondary education","ESO 4","2015-16",2015,86.7,13.3
"Lower secondary education","ESO 4","2016-17",2016,84.7,15.3
"Lower secondary education","ESO 4","2017-18",2017,85.8,14.2
"Lower secondary education","ESO 4","2018-19",2018,86.4,13.6
"Lower secondary education","ESO 4","2019-20",2019,93.1,6.90000000000001
"Lower secondary education","ESO 4","2020-21",2020,88.5,11.5
"Lower secondary education","ESO 4","2021-22",2021,88.1,11.9
"Lower secondary education","ESO 4","2022-23",2022,87.9,12.1
"Lower secondary education","ESO 4","2023-24",2023,88.5,11.5
"Primary education","Primary 1","2015-16",2015,97.6,2.40000000000001
"Primary education","Primary 1","2016-17",2016,97.5,2.5
"Primary education","Primary 1","2017-18",2017,97.5,2.5
"Primary education","Primary 1","2018-19",2018,97.4,2.59999999999999
"Primary education","Primary 1","2019-20",2019,98.6,1.40000000000001
"Primary education","Primary 1","2020-21",2020,97.5,2.5
"Primary education","Primary 2","2007-08",2007,95.1,4.90000000000001
"Primary education","Primary 2","2008-09",2008,94.9,5.09999999999999
"Primary education","Primary 2","2009-10",2009,95.4,4.59999999999999
"Primary education","Primary 2","2010-11",2010,95.5,4.5
"Primary education","Primary 2","2011-12",2011,95.2,4.8
"Primary education","Primary 2","2012-13",2012,95.8,4.2
"Primary education","Primary 2","2013-14",2013,95.8,4.2
"Primary education","Primary 2","2014-15",2014,96.1,3.90000000000001
"Primary education","Primary 2","2015-16",2015,97.3,2.7
"Primary education","Primary 2","2016-17",2016,97.5,2.5
"Primary education","Primary 2","2017-18",2017,97.6,2.40000000000001
"Primary education","Primary 2","2018-19",2018,97.7,2.3
"Primary education","Primary 2","2019-20",2019,98.7,1.3
"Primary education","Primary 2","2020-21",2020,97.4,2.59999999999999
"Primary education","Primary 2","2021-22",2021,98.1,1.90000000000001
"Primary education","Primary 2","2022-23",2022,96.8,3.2
"Primary education","Primary 2","2023-24",2023,96.7,3.3
"Primary education","Primary 3","2015-16",2015,98,2
"Primary education","Primary 3","2016-17",2016,98.1,1.90000000000001
"Primary education","Primary 3","2017-18",2017,98.2,1.8
"Primary education","Primary 3","2018-19",2018,98.2,1.8
"Primary education","Primary 3","2019-20",2019,99.2,0.799999999999997
"Primary education","Primary 3","2020-21",2020,98.3,1.7
"Primary education","Primary 4","2007-08",2007,95.5,4.5
"Primary education","Primary 4","2008-09",2008,95.1,4.90000000000001
"Primary education","Primary 4","2009-10",2009,95.8,4.2
"Primary education","Primary 4","2010-11",2010,96,4
"Primary education","Primary 4","2011-12",2011,96,4
"Primary education","Primary 4","2012-13",2012,96.5,3.5
"Primary education","Primary 4","2013-14",2013,96.7,3.3
"Primary education","Primary 4","2014-15",2014,97.1,2.90000000000001
"Primary education","Primary 4","2015-16",2015,97.9,2.09999999999999
"Primary education","Primary 4","2016-17",2016,98.1,1.90000000000001
"Primary education","Primary 4","2017-18",2017,98.2,1.8
"Primary education","Primary 4","2018-19",2018,98.3,1.7
"Primary education","Primary 4","2019-20",2019,99.3,0.700000000000003
"Primary education","Primary 4","2020-21",2020,98.4,1.59999999999999
"Primary education","Primary 4","2021-22",2021,98.7,1.3
"Primary education","Primary 4","2022-23",2022,98.2,1.8
"Primary education","Primary 4","2023-24",2023,98.1,1.90000000000001
"Primary education","Primary 5","2015-16",2015,98.3,1.7
"Primary education","Primary 5","2016-17",2016,98.4,1.59999999999999
"Primary education","Primary 5","2017-18",2017,98.5,1.5
"Primary education","Primary 5","2018-19",2018,98.5,1.5
"Primary education","Primary 5","2019-20",2019,99.5,0.5
"Primary education","Primary 5","2020-21",2020,98.7,1.3
"Primary education","Primary 6","2007-08",2007,93.3,6.7
"Primary education","Primary 6","2008-09",2008,93.4,6.59999999999999
"Primary education","Primary 6","2009-10",2009,94,6
"Primary education","Primary 6","2010-11",2010,95.2,4.8
"Primary education","Primary 6","2011-12",2011,95.7,4.3
"Primary education","Primary 6","2012-13",2012,96,4
"Primary education","Primary 6","2013-14",2013,96.3,3.7
"Primary education","Primary 6","2014-15",2014,96.9,3.09999999999999
"Primary education","Primary 6","2015-16",2015,97.7,2.3
"Primary education","Primary 6","2016-17",2016,97.9,2.09999999999999
"Primary education","Primary 6","2017-18",2017,98.2,1.8
"Primary education","Primary 6","2018-19",2018,98.2,1.8
"Primary education","Primary 6","2019-20",2019,98.9,1.09999999999999
"Primary education","Primary 6","2020-21",2020,98.3,1.7
"Primary education","Primary 6","2021-22",2021,98.7,1.3
"Primary education","Primary 6","2022-23",2022,98.4,1.59999999999999
"Primary education","Primary 6","2023-24",2023,98.3,1.7
