"hypothesis","estimate","std_error","p_value","ci_low","ci_high","mde_80","equiv_margin","p_lower","p_upper","tost_p","equivalent"
"H1|1: Policy treatment vs Control",-0.00423618487308108,0.0134614060762808,0.753061252796506,-0.0306517425803775,0.0221793728342154,0.0377497602687676,0.02,0.120793190380012,0.0358986778473698,0.120793190380012,FALSE
"H1|1: Policy treatment vs Control",-0.00423618487308108,0.0134614060762808,0.753061252796506,-0.0306517425803775,0.0221793728342154,0.0377497602687676,0.03,0.0278177503061433,0.0054915356103871,0.0278177503061433,TRUE
"H1|1: Policy treatment vs Control",-0.00423618487308108,0.0134614060762808,0.753061252796506,-0.0306517425803775,0.0221793728342154,0.0377497602687676,0.05,0.000337515773750895,2.80263997420898e-05,0.000337515773750895,TRUE
"H1|2: assigned Policy 1 vs Control",-0.0248178283086798,0.0164063127049239,0.130670277864214,-0.0570123828086162,0.00737672619125654,0.0460083257970276,0.02,0.615489681569448,0.00315056660645822,0.615489681569448,FALSE
"H1|2: assigned Policy 1 vs Control",-0.0248178283086798,0.0164063127049239,0.130670277864214,-0.0570123828086162,0.00737672619125654,0.0460083257970276,0.03,0.376053010348277,0.000417141469160746,0.376053010348277,FALSE
"H1|2: assigned Policy 1 vs Control",-0.0248178283086798,0.0164063127049239,0.130670277864214,-0.0570123828086162,0.00737672619125654,0.0460083257970276,0.05,0.0624048627696248,2.55696405113196e-06,0.0624048627696248,FALSE
"H1|2: assigned Policy 2 vs Control",0.018691086653828,0.0162545127184624,0.250458045997692,-0.0132055865960603,0.0505877599037163,0.0455826321412553,0.02,0.00864952659463025,0.467909479696424,0.467909479696424,FALSE
"H1|2: assigned Policy 2 vs Control",0.018691086653828,0.0162545127184624,0.250458045997692,-0.0132055865960603,0.0505877599037163,0.0455826321412553,0.03,0.00137012026357727,0.243296669341891,0.243296669341891,FALSE
"H1|2: assigned Policy 2 vs Control",0.018691086653828,0.0162545127184624,0.250458045997692,-0.0132055865960603,0.0505877599037163,0.0455826321412553,0.05,1.19062031759247e-05,0.0270431498197013,0.0270431498197013,TRUE
"H1|2: assigned Policy 3 vs Control",-0.000809523396160502,0.0161863526894353,0.960122195862053,-0.0325724443636987,0.0309533975713777,0.0453914905436144,0.02,0.117892330392442,0.0992890793095468,0.117892330392442,FALSE
"H1|2: assigned Policy 3 vs Control",-0.000809523396160502,0.0161863526894353,0.960122195862053,-0.0325724443636987,0.0309533975713777,0.0453914905436144,0.03,0.0356641735708944,0.028493929318727,0.0356641735708944,TRUE
"H1|2: assigned Policy 3 vs Control",-0.000809523396160502,0.0161863526894353,0.960122195862053,-0.0325724443636987,0.0309533975713777,0.0453914905436144,0.05,0.00118709394369735,0.000847773125537199,0.00118709394369735,TRUE
"H1|3: assigned favorite vs Control",-0.0105372331414924,0.0158050577110348,0.505165015014661,-0.0415637293097098,0.020489263026725,0.0443358081778902,0.02,0.274681273926214,0.0266738952415522,0.274681273926214,FALSE
"H1|3: assigned favorite vs Control",-0.0105372331414924,0.0158050577110348,0.505165015014661,-0.0415637293097098,0.020489263026725,0.0443358081778902,0.03,0.109083143810385,0.00516209106381378,0.109083143810385,FALSE
"H1|3: assigned favorite vs Control",-0.0105372331414924,0.0158050577110348,0.505165015014661,-0.0415637293097098,0.020489263026725,0.0443358081778902,0.05,0.00626599743058126,6.40470770838233e-05,0.00626599743058126,TRUE
"H1|3: assigned least favorite vs Control",0.0065072173936989,0.0161719195937038,0.68751874106517,-0.0252394557586842,0.038253890546082,0.0453649166035076,0.02,0.050598923564188,0.202047391048582,0.202047391048582,FALSE
"H1|3: assigned least favorite vs Control",0.0065072173936989,0.0161719195937038,0.68751874106517,-0.0252394557586842,0.038253890546082,0.0453649166035076,0.03,0.0119912182337999,0.0731565192692973,0.0731565192692973,FALSE
"H1|3: assigned least favorite vs Control",0.0065072173936989,0.0161719195937038,0.68751874106517,-0.0252394557586842,0.038253890546082,0.0453649166035076,0.05,0.000237883897286304,0.00357960844831496,0.00357960844831496,TRUE
"H2|1: Revelation vs Policy",-0.0121424898200112,0.00969162184769231,0.210440440157389,-0.0311528771601927,0.00686789752017027,0.0271693575349289,0.02,0.208754768583934,0.000455887189362112,0.208754768583934,FALSE
"H2|1: Revelation vs Policy",-0.0121424898200112,0.00969162184769231,0.210440440157389,-0.0311528771601927,0.00686789752017027,0.0271693575349289,0.03,0.0326972483045995,6.8652870345223e-06,0.0326972483045995,TRUE
"H2|1: Revelation vs Policy",-0.0121424898200112,0.00969162184769231,0.210440440157389,-0.0311528771601927,0.00686789752017027,0.0271693575349289,0.05,4.69083130841396e-05,7.21393626207308e-11,4.69083130841396e-05,TRUE
"H2|2: Revelation vs Policy: Policy 1",-0.007371729704716,0.0169434980602167,0.663568484028692,-0.0406069803183221,0.0258635209088901,0.0474992873476328,0.02,0.228041051244292,0.0531059454397844,0.228041051244292,FALSE
"H2|2: Revelation vs Policy: Policy 1",-0.007371729704716,0.0169434980602167,0.663568484028692,-0.0406069803183221,0.0258635209088901,0.0474992873476328,0.03,0.0908556907420079,0.0137047637355233,0.0908556907420079,FALSE
"H2|2: Revelation vs Policy: Policy 1",-0.007371729704716,0.0169434980602167,0.663568484028692,-0.0406069803183221,0.0258635209088901,0.0474992873476328,0.05,0.00593709696212911,0.00035465354968557,0.00593709696212911,TRUE
"H2|2: Revelation vs Policy: Policy 2",0.0304455890843698,0.0166939967106295,0.0683879914233405,-0.00230025610347998,0.0631914342722196,0.0467998369593161,0.02,0.0012567823210581,0.73424647166516,0.73424647166516,FALSE
"H2|2: Revelation vs Policy: Policy 2",0.0304455890843698,0.0166939967106295,0.0683879914233405,-0.00230025610347998,0.0631914342722196,0.0467998369593161,0.03,0.000146920419418284,0.510647107368321,0.510647107368321,FALSE
"H2|2: Revelation vs Policy: Policy 2",0.0304455890843698,0.0166939967106295,0.0683879914233405,-0.00230025610347998,0.0631914342722196,0.0467998369593161,0.05,7.23056696969683e-07,0.120731685158571,0.120731685158571,FALSE
"H2|2: Revelation vs Policy: Policy 3",0.00605688280401855,0.016194086403333,0.708443227317513,-0.0257083712279627,0.0378221368359998,0.0453983918002391,0.02,0.0538057134723259,0.194619904022314,0.194619904022314,FALSE
"H2|2: Revelation vs Policy: Policy 3",0.00605688280401855,0.016194086403333,0.708443227317513,-0.0257083712279627,0.0378221368359998,0.0453983918002391,0.03,0.0129899156847504,0.0696372484021034,0.0696372484021034,FALSE
"H2|2: Revelation vs Policy: Policy 3",0.00605688280401855,0.016194086403333,0.708443227317513,-0.0257083712279627,0.0378221368359998,0.0453983918002391,0.05,0.000268634296516096,0.00332911070475729,0.00332911070475729,TRUE
"H2|3: favorite assigned, Revelation vs Policy",0.0127086126178879,0.0158294712746617,0.422426909051821,-0.0183881339901908,0.0438053592259665,0.044429991232174,0.02,0.0194008401230612,0.322535760847895,0.322535760847895,FALSE
"H2|3: favorite assigned, Revelation vs Policy",0.0127086126178879,0.0158294712746617,0.422426909051821,-0.0183881339901908,0.0438053592259665,0.044429991232174,0.03,0.00348799438945654,0.137340067090598,0.137340067090598,FALSE
"H2|3: favorite assigned, Revelation vs Policy",0.0127086126178879,0.0158294712746617,0.422426909051821,-0.0183881339901908,0.0438053592259665,0.044429991232174,0.05,3.7264388976641e-05,0.00924189132765759,0.00924189132765759,TRUE
"H2|3: least favorite assigned, Revelation vs Policy",-0.021949612097762,0.0165245498056159,0.184710488932248,-0.054419176892778,0.010519952697254,0.046389387421892,0.02,0.546959225013991,0.00556522563752841,0.546959225013991,FALSE
"H2|3: least favorite assigned, Revelation vs Policy",-0.021949612097762,0.0165245498056159,0.184710488932248,-0.054419176892778,0.010519952697254,0.046389387421892,0.03,0.313066828925829,0.00083413677725887,0.313066828925829,FALSE
"H2|3: least favorite assigned, Revelation vs Policy",-0.021949612097762,0.0165245498056159,0.184710488932248,-0.054419176892778,0.010519952697254,0.046389387421892,0.05,0.0448028436286126,6.68723345362153e-06,0.0448028436286126,TRUE
"H3|1: Awareness vs Revelation",-0.0109841980428181,0.0100050495235812,0.272435659359534,-0.0306092293080805,0.00864083322244427,0.0280478398894961,0.02,0.183761970790375,0.000978194659943183,0.183761970790375,FALSE
"H3|1: Awareness vs Revelation",-0.0109841980428181,0.0100050495235812,0.272435659359534,-0.0306092293080805,0.00864083322244427,0.0280478398894961,0.03,0.028677307306532,2.10021423184184e-05,0.028677307306532,TRUE
"H3|1: Awareness vs Revelation",-0.0109841980428181,0.0100050495235812,0.272435659359534,-0.0306092293080805,0.00864083322244427,0.0280478398894961,0.05,4.82051069340066e-05,5.48006502759918e-10,4.82051069340066e-05,TRUE
"H3|2: Awareness vs Revelation: Policy 1",0.013862711208879,0.0173039840703237,0.423182013335683,-0.0200793779252308,0.0478048003429888,0.0485095638381667,0.02,0.025179151406075,0.361416953037079,0.361416953037079,FALSE
"H3|2: Awareness vs Revelation: Policy 1",0.013862711208879,0.0173039840703237,0.423182013335683,-0.0200793779252308,0.0478048003429888,0.0485095638381667,0.03,0.00562580152196231,0.175520463144171,0.175520463144171,FALSE
"H3|2: Awareness vs Revelation: Policy 1",0.013862711208879,0.0173039840703237,0.423182013335683,-0.0200793779252308,0.0478048003429888,0.0485095638381667,0.05,0.000111906237887319,0.0183830607849924,0.0183830607849924,TRUE
"H3|2: Awareness vs Revelation: Policy 2",0.00407299308766503,0.0171159557785406,0.811940407743823,-0.0295002750273373,0.0376462612026674,0.0479824499442469,0.02,0.0797945960593156,0.176048032448938,0.176048032448938,FALSE
"H3|2: Awareness vs Revelation: Policy 2",0.00407299308766503,0.0171159557785406,0.811940407743823,-0.0295002750273373,0.0376462612026674,0.0479824499442469,0.03,0.0232574626176679,0.0649149080580212,0.0649149080580212,FALSE
"H3|2: Awareness vs Revelation: Policy 2",0.00407299308766503,0.0171159557785406,0.811940407743823,-0.0295002750273373,0.0376462612026674,0.0479824499442469,0.05,0.000791207707027908,0.00364572889272524,0.00364572889272524,TRUE
"H3|2: Awareness vs Revelation: Policy 3",0.0138559210460697,0.0171253299714719,0.418589834260271,-0.0197357347240959,0.0474475768162354,0.0480087293264162,0.02,0.0240250124446982,0.359883426021933,0.359883426021933,FALSE
"H3|2: Awareness vs Revelation: Policy 3",0.0138559210460697,0.0171253299714719,0.418589834260271,-0.0197357347240959,0.0474475768162354,0.0480087293264162,0.03,0.00522109242200773,0.172917871416572,0.172917871416572,FALSE
"H3|2: Awareness vs Revelation: Policy 3",0.0138559210460697,0.0171253299714719,0.418589834260271,-0.0197357347240959,0.0474475768162354,0.0480087293264162,0.05,9.62724318355103e-05,0.0174062056206161,0.0174062056206161,TRUE
"H3|3: favorite assigned, Awareness vs Revelation",-0.022487430722706,0.0160901263469142,0.162802192580269,-0.0540934317868086,0.00911857034139672,0.0451583740246372,0.02,0.561428990180248,0.00413873013305024,0.561428990180248,FALSE
"H3|3: favorite assigned, Awareness vs Revelation",-0.022487430722706,0.0160901263469142,0.162802192580269,-0.0540934317868086,0.00911857034139672,0.0451583740246372,0.03,0.320284236098583,0.000553156496775122,0.320284236098583,FALSE
"H3|3: favorite assigned, Awareness vs Revelation",-0.022487430722706,0.0160901263469142,0.162802192580269,-0.0540934317868086,0.00911857034139672,0.0451583740246372,0.05,0.043643376623606,3.32102489309988e-06,0.043643376623606,TRUE
"H3|3: least favorite assigned, Awareness vs Revelation",0.00136015537300047,0.0176052088963517,0.938449097666358,-0.0332303394937763,0.0359506502397772,0.0494202589586971,0.02,0.112511659173463,0.144853838163839,0.144853838163839,FALSE
"H3|3: least favorite assigned, Awareness vs Revelation",0.00136015537300047,0.0176052088963517,0.938449097666358,-0.0332303394937763,0.0359506502397772,0.0494202589586971,0.03,0.0374332593840997,0.0518932319178304,0.0518932319178304,FALSE
"H3|3: least favorite assigned, Awareness vs Revelation",0.00136015537300047,0.0176052088963517,0.938449097666358,-0.0332303394937763,0.0359506502397772,0.0494202589586971,0.05,0.0017656184743126,0.00286583044984777,0.00286583044984777,TRUE
